video,frame,brightness,contrast,center_contrast,sharpness,edge_density,saturation,visibility_score,no_vision_score,brown_deposit_score,light_deposit_score,dark_structure_score,dirt_deposit_score,brown_fraction,yellow_fraction,light_deposit_fraction,dark_structure_fraction,visibility_score_smooth,no_vision_score_smooth,dirt_deposit_score_smooth,brown_deposit_score_smooth,light_deposit_score_smooth,dark_structure_score_smooth,feature_anomaly_score,anomaly_score,pipe_similarity_score,inspection_active_score,handling_score
9,0,0.33937036991119385,0.3142121136188507,0.3413480818271637,0.025037573650479317,0.195703125,0.25360310077667236,0.9801519097222221,0.03969618055555557,0.4189046223958334,0.0,1.0,0.3594523111979167,0.20763020833333334,0.026419270833333335,0.17046875,0.04276041666666667,0.5069903135299683,0.0248037651181221,0.26043444871902466,0.416401207447052,0.0,0.34822556376457214,0.4329532980918884,0.4329532980918884,0.22221475839614868,0.4518827497959137,0.5481172800064087
9,10,0.4588148593902588,0.3548819124698639,0.33218470215797424,0.04925234988331795,0.18385416666666668,0.24445123970508575,0.9918098958333332,0.016380208333333333,0.39074707031250006,0.0,1.0,0.34537353515625,0.20528645833333334,0.019752604166666667,0.18122395833333332,0.025559895833333332,0.5535190105438232,0.02698444575071335,0.28626304864883423,0.4640202522277832,0.0,0.3616860508918762,0.45641592144966125,0.45641592144966125,0.4059051275253296,0.4754835367202759,0.5245164632797241
9,20,0.39710503816604614,0.35061633586883545,0.2858101725578308,0.02772681787610054,0.17317708333333334,0.3337508738040924,0.9869878472222221,0.026024305555555557,0.26517740885416663,0.0,0.8561789772727272,0.2610155510179924,0.17765625,0.007200520833333333,0.128125,0.0218359375,0.5991891622543335,0.027494855225086212,0.31069231033325195,0.5116393566131592,0.0,0.3658177852630615,0.32917162775993347,0.32917162775993347,0.488828182220459,0.4990772008895874,0.5009227991104126
9,30,0.20700803399085999,0.17343705892562866,0.20165470242500305,0.013951504603028297,0.20092447916666667,0.3390561044216156,0.9215659581290351,0.11702367213037282,0.6695963541666667,0.0,1.0,0.4847981770833334,0.24049479166666668,0.07377604166666667,0.057421875,0.06891927083333334,0.6440380811691284,0.027550658211112022,0.33726072311401367,0.5592583417892456,0.0,0.38421040773391724,0.5625095367431641,0.5625095367431641,0.2953411936759949,0.5225134491920471,0.4774865508079529
9,40,0.41847121715545654,0.23595941066741943,0.2620968818664551,0.03524412959814072,0.28717447916666666,0.5369877219200134,0.9999999999999999,0.0,1.0,0.0,0.40873579545454536,0.5613103693181818,0.7364453125,0.7916015625,0.023098958333333332,0.0119921875,0.6885709762573242,0.02755066007375717,0.3640024960041046,0.6068774461746216,0.0,0.40375858545303345,0.0,0.30940213799476624,1.0,0.5458064675331116,0.4541935324668884
9,50,0.6737797856330872,0.3108258843421936,0.21042725443840027,0.02468760870397091,0.19588541666666667,0.5502530932426453,0.9698090277777777,0.06038194444444444,1.0,0.0,0.05835700757575757,0.5087535511363637,0.3510286458333333,0.4601171875,0.0038671875,0.004283854166666667,0.7328088283538818,0.02755066007375717,0.39021581411361694,0.654496431350708,0.0,0.4197838008403778,0.12710325419902802,0.3316834568977356,0.7209783792495728,0.5691783428192139,0.43082165718078613
9,60,0.2165605127811432,0.1756366640329361,0.14775459468364716,0.021051662042737007,0.18946614583333332,0.6800979375839233,0.8730800486629844,0.10815660380654868,1.0,0.0,0.5010653409090908,0.5751598011363637,0.5930729166666666,0.584921875,6.510416666666667e-05,0.0140234375,0.7763638496398926,0.02755066007375717,0.416065514087677,0.702115535736084,0.0,0.4333852231502533,0.0,0.35365569591522217,1.0,0.5927090644836426,0.4072909355163574
9,70,0.3018534481525421,0.24562516808509827,0.22103574872016907,0.050195369869470596,0.23821614583333334,0.6307971477508545,0.9797938368055554,0.04041232638888889,1.0,0.0,0.5442708333333333,0.581640625,0.5865625,0.6090104166666667,2.604166666666667e-05,0.014973958333333334,0.8195464611053467,0.028120433911681175,0.4410443902015686,0.7497345805168152,0.0,0.4411807954311371,0.0,0.37488773465156555,1.0,0.6160433292388916,0.3839566707611084
9,80,0.3192042410373688,0.25308284163475037,0.2161484956741333,0.0528918094933033,0.25122395833333333,0.6043577790260315,0.9811870659722222,0.03762586805555557,1.0,0.0,0.6626420454545454,0.5993963068181818,0.5849869791666666,0.6186328125,3.90625e-05,0.017578125,0.8589053153991699,0.03141013905405998,0.4653553068637848,0.7973536252975464,0.0,0.44452333450317383,0.0,0.39555200934410095,1.0,0.6394693851470947,0.3605306148529053
9,90,0.31931576132774353,0.25301870703697205,0.21627435088157654,0.053544119000434875,0.2527994791666667,0.6055368781089783,0.981189236111111,0.03762152777777779,1.0,0.0,0.6330492424242423,0.5949573863636364,0.5836979166666667,0.6190104166666667,2.604166666666667e-05,0.016927083333333332,0.9038487672805786,0.0340745709836483,0.4894717335700989,0.8449726700782776,0.0,0.4465695023536682,0.0,0.4160509705543518,1.0,0.6628645062446594,0.3371354937553406
9,100,0.3194495737552643,0.2530722916126251,0.21650125086307526,0.05369003117084503,0.2537109375,0.6157351732254028,0.9812217881944444,0.037556423611111125,1.0,0.0,0.6484375,0.597265625,0.585625,0.61890625,3.90625e-05,0.017265625,0.9471068978309631,0.03654009848833084,0.5135966539382935,0.8925917148590088,0.0,0.44867199659347534,0.0,0.43655717372894287,1.0,0.686312198638916,0.313687801361084
9,110,0.35432860255241394,0.2969394028186798,0.2377447634935379,0.041004735976457596,0.21079427083333332,0.6460013389587402,0.9771028645833333,0.04579427083333333,1.0,0.0,0.2826704545454545,0.5424005681818181,0.47854166666666664,0.5235546875,1.3020833333333334e-05,0.00921875,0.939605712890625,0.03910987824201584,0.5224606990814209,0.9202629327774048,0.0,0.4155280590057373,0.0,0.4440916180610657,1.0,0.7099742889404297,0.2900257110595703
9,120,0.39113330841064453,0.19571255147457123,0.16088321805000305,0.03074660710990429,0.28901041666666666,0.7299487590789795,0.9590736258029938,0.010718621313571958,1.0,0.0,0.08676609848484847,0.5130149147727273,0.8401953125,0.8420703125,7.8125e-05,0.004908854166666666,0.9331504106521606,0.04087628051638603,0.5310565233230591,0.949275016784668,0.0,0.37612736225128174,0.0,0.4513980448246002,1.0,0.7336676120758057,0.26633238792419434
9,130,0.37120625376701355,0.22135640680789948,0.14597144722938538,0.04392620921134949,0.28694010416666665,0.7068805694580078,0.9418272808881907,0.0011718749999999982,1.0,0.0,0.38624526515151514,0.5579367897727273,0.7566666666666667,0.7526953125,0.0,0.011497395833333333,0.9270626306533813,0.04351497441530228,0.5425999164581299,0.9842665195465088,0.0,0.33644482493400574,0.0,0.4612099528312683,1.0,0.7573796510696411,0.2426203489303589
9,140,0.3857150673866272,0.22265198826789856,0.1417030543088913,0.05680746212601662,0.3073046875,0.6437811255455017,0.9351897842150468,0.0,1.0,0.0,0.41051136363636365,0.5615767045454545,0.7715625,0.766015625,6.510416666666667e-05,0.01203125,0.9237460494041443,0.04300982877612114,0.5433238744735718,1.0,0.0,0.28882575035095215,0.0,0.46182531118392944,1.0,0.7811091542243958,0.21889084577560425
9,150,0.38352319598197937,0.2146969586610794,0.13804180920124054,0.04922272264957428,0.3048046875,0.7176358699798584,0.9289938309559455,0.0,1.0,0.0,0.3365293560606061,0.550479403409091,0.7890885416666666,0.7825651041666667,1.3020833333333334e-05,0.010403645833333334,0.9177466630935669,0.047293245792388916,0.5404043197631836,1.0,0.0,0.2693621516227722,0.0,0.45934367179870605,1.0,0.8048582077026367,0.19514179229736328
9,160,0.38390272855758667,0.21102182567119598,0.12956930696964264,0.022532407194375992,0.26625,0.7236300706863403,0.9146557502563183,0.0,1.0,0.0,0.2856297348484848,0.5428444602272727,0.7987630208333333,0.8091666666666667,3.90625e-05,0.009283854166666666,0.9146387577056885,0.04748744145035744,0.5399875044822693,1.0,0.0,0.26658326387405396,0.0,0.45898938179016113,1.0,0.8286322355270386,0.17136776447296143
9,170,0.40207937359809875,0.1952138990163803,0.13060475885868073,0.018915843218564987,0.24959635416666667,0.7042794227600098,0.9068358514859126,0.011965252459049268,1.0,0.0,0.16370738636363633,0.5245561079545454,0.8316666666666667,0.8586067708333334,0.0005729166666666667,0.0066015625,0.913557767868042,0.04722823202610016,0.5364084839820862,1.0,0.0,0.2427230030298233,0.0,0.45594722032546997,1.0,0.8524414300918579,0.1475585699081421
9,180,0.40889596939086914,0.17236648499965668,0.1101565957069397,0.0175625067204237,0.244765625,0.693868100643158,0.8265364396572114,0.06908378750085832,1.0,0.0,0.07019412878787877,0.5105291193181818,0.8702213541666667,0.9048697916666667,0.0010286458333333332,0.004544270833333333,0.9076865911483765,0.04947498440742493,0.5325208306312561,1.0,0.0,0.2168053388595581,0.0,0.4526427090167999,1.0,0.8763036727905273,0.12369632720947266
9,190,0.4153674840927124,0.17761874198913574,0.17324858903884888,0.01961362734436989,0.23705729166666667,0.697789192199707,0.9438120192747849,0.055953145027160665,1.0,0.0,0.04296874999999999,0.5064453125,0.88703125,0.9043229166666666,0.0005078125,0.0039453125,0.9010570049285889,0.052425816655159,0.5277876257896423,1.0,0.0,0.18525095283985138,0.0,0.4486194849014282,1.0,0.9002075791358948,0.09979242086410522
9,200,0.4128558337688446,0.1792895793914795,0.1503598392009735,0.01653083972632885,0.22799479166666667,0.6978460550308228,0.9084188866615296,0.051776051521301304,1.0,0.0,0.044152462121212106,0.5066228693181818,0.8720442708333334,0.8942708333333333,7.8125e-05,0.0039713541666666664,0.8951572775840759,0.05480507016181946,0.5232658386230469,1.0,0.0,0.15510575473308563,0.0,0.4447759687900543,1.0,0.9241585731506348,0.07584142684936523
9,210,0.3796495497226715,0.18822774291038513,0.12250179797410965,0.006893226411193609,0.21235677083333335,0.6486876606941223,0.8226276423924691,0.09366154482179302,1.0,0.0,0.3039772727272727,0.545596590909091,0.8317447916666667,0.873515625,0.00078125,0.0096875,0.8925907015800476,0.05515114590525627,0.5186705589294434,1.0,0.0,0.12447015941143036,0.0,0.4408699870109558,1.0,0.936322808265686,0.06367719173431396
9,220,0.39959314465522766,0.17861014604568481,0.1203356683254242,0.030706487596035004,0.27868489583333333,0.7204562425613403,0.8562498846420875,0.05347463488578797,1.0,0.0,0.17258522727272724,0.5258877840909091,0.866796875,0.8633203125,0.00022135416666666666,0.006796875,0.8936342000961304,0.05297046899795532,0.516651451587677,1.0,0.0,0.11100965738296509,0.0,0.4391537606716156,1.0,0.9459891319274902,0.054010868072509766
9,230,0.4262813329696655,0.167425274848938,0.13526390492916107,0.0317416712641716,0.2906770833333333,0.7605366706848145,0.8591433118856869,0.08143681287765503,1.0,0.0,0.022845643939393926,0.5034268465909091,0.8911588541666666,0.8989713541666666,2.604166666666667e-05,0.0035026041666666665,0.892936110496521,0.05363158881664276,0.5160596370697021,1.0,0.0,0.10706394910812378,0.0,0.4386506974697113,1.0,0.9543557167053223,0.045644283294677734
9,240,0.43062347173690796,0.15743371844291687,0.14280276000499725,0.023251473903656006,0.2605338541666667,0.7777775526046753,0.8519182615096751,0.10641570389270782,1.0,0.0,0.0,0.5,0.9231380208333333,0.932890625,1.3020833333333334e-05,0.0012239583333333334,0.8923121690750122,0.05526140332221985,0.5133007168769836,1.0,0.0,0.08867131173610687,0.0,0.43630561232566833,1.0,0.9648561477661133,0.03514385223388672
9,250,0.42982596158981323,0.16401931643486023,0.14807598292827606,0.022236352786421776,0.2814713541666667,0.7936254143714905,0.8740133732098799,0.08995170891284943,1.0,0.0,0.0,0.5,0.9217578125,0.92921875,3.90625e-05,0.0005208333333333333,0.8911870718002319,0.05670909211039543,0.510878324508667,1.0,0.0,0.07252209633588791,0.0,0.43424659967422485,1.0,0.9663492441177368,0.033650755882263184
9,260,0.42617857456207275,0.17421594262123108,0.1540653109550476,0.024589000269770622,0.271171875,0.7590233087539673,0.9045424114740811,0.0644601434469223,1.0,0.0,0.0,0.5,0.9033723958333333,0.9040755208333333,0.00013020833333333333,0.0012369791666666666,0.8945683836936951,0.05670909211039543,0.5097833275794983,1.0,0.0,0.06522253900766373,0.0,0.43331584334373474,1.0,0.9710502624511719,0.028949737548828125
9,270,0.42629948258399963,0.158914715051651,0.1401437520980835,0.018646564334630966,0.2606119791666667,0.7601614594459534,0.8503803951923664,0.10271321237087251,1.0,0.0,0.0,0.5,0.9300260416666667,0.9281640625,0.0,0.0018489583333333333,0.8966356515884399,0.057379767298698425,0.5093563795089722,1.0,0.0,0.0623759925365448,0.0,0.4329529404640198,1.0,0.9721024632453918,0.027897536754608154
9,280,0.4397684633731842,0.16496235132217407,0.13661156594753265,0.021005332469940186,0.2934375,0.7780206203460693,0.8564981219401725,0.08759412169456482,1.0,0.0,0.0,0.5,0.910546875,0.9134244791666667,3.90625e-05,0.00028645833333333333,0.8982685208320618,0.05744491517543793,0.5096818804740906,1.0,0.0,0.0645461305975914,0.0,0.43322962522506714,1.0,0.9728252291679382,0.027174770832061768
9,290,0.4285486936569214,0.16016270220279694,0.1336963027715683,0.015781274065375328,0.2596354166666667,0.7594404220581055,0.8419653014036325,0.09959324449300766,1.0,0.0,0.0,0.5,0.92109375,0.933359375,2.604166666666667e-05,0.0015885416666666667,0.9025994539260864,0.05428636446595192,0.5108909606933594,1.0,0.0,0.0726066455245018,0.0,0.4342573285102844,1.0,0.9733154773712158,0.02668452262878418
9,300,0.4353870749473572,0.1649656444787979,0.13707834482192993,0.01579902693629265,0.25421875,0.7724096775054932,0.8572946417331696,0.08758588880300525,1.0,0.0,0.0,0.5,0.8996875,0.9117317708333333,0.0,0.0025911458333333333,0.8998566269874573,0.052559737116098404,0.5118675231933594,1.0,0.0,0.0791170597076416,0.0,0.4350874125957489,1.0,0.9735394716262817,0.02646052837371826
9,310,0.4401492178440094,0.18207037448883057,0.15824481844902039,0.02020176127552986,0.2719921875,0.7491928935050964,0.927324287891388,0.0448240637779236,1.0,0.0,0.005089962121212112,0.5007634943181818,0.8804557291666667,0.8909895833333333,0.00015625,0.0031119791666666665,0.9006729125976562,0.05024434253573418,0.512586236000061,1.0,0.0,0.08390828222036362,0.0,0.4356983006000519,1.0,0.9735162854194641,0.02648371458053589
9,320,0.41898056864738464,0.20158787071704865,0.17941924929618835,0.02084282785654068,0.25342447916666666,0.7545016407966614,0.9990171911166265,0.0,1.0,0.0,0.0,0.5,0.8470182291666667,0.8402734375,1.3020833333333334e-05,0.00234375,0.904714822769165,0.047522444278001785,0.5110516548156738,1.0,0.0,0.07367762923240662,0.0,0.43439391255378723,1.0,0.9735366106033325,0.02646338939666748
9,330,0.41442549228668213,0.1901591271162033,0.15878376364707947,0.014646131545305252,0.26338541666666665,0.7709009647369385,0.944413854250541,0.02460218220949177,1.0,0.0,0.0039062500000000035,0.5005859375,0.8745442708333333,0.8901432291666667,1.3020833333333334e-05,0.0030859375,0.9075961112976074,0.04705401510000229,0.5100623369216919,1.0,0.0,0.06708265841007233,0.0,0.433553010225296,1.0,0.9735985398292542,0.02640146017074585
9,340,0.42589977383613586,0.18584083020687103,0.15461638569831848,0.021089505404233932,0.2811197916666667,0.7805249094963074,0.9287247746724349,0.035397924482822446,1.0,0.0,0.0,0.5,0.8785807291666666,0.8891536458333333,0.0,0.0027604166666666667,0.910028874874115,0.04598415270447731,0.5098992586135864,1.0,0.0,0.06599476933479309,0.0,0.43341436982154846,1.0,0.9736920595169067,0.02630794048309326
9,350,0.4080229699611664,0.18783940374851227,0.14211346209049225,0.016717547550797462,0.26375,0.7618393301963806,0.9115631279578574,0.030401490628719368,1.0,0.0,0.07137784090909088,0.5107066761363637,0.8693359375,0.876953125,0.0,0.0045703125,0.9125990867614746,0.04436055198311806,0.5098992586135864,1.0,0.0,0.06599476933479309,0.0,0.43341436982154846,1.0,0.9738110899925232,0.026188910007476807
9,360,0.4107058346271515,0.22952482104301453,0.18971313536167145,0.01357975322753191,0.2426171875,0.757839560508728,0.9999999999999999,0.0,1.0,0.0,0.18323863636363635,0.5274857954545454,0.7652994791666666,0.786328125,0.0,0.00703125,0.9158434867858887,0.042263150215148926,0.5098992586135864,1.0,0.0,0.06599476933479309,0.0,0.43341436982154846,1.0,0.9739907383918762,0.02600926160812378
9,370,0.3498678207397461,0.22560743987560272,0.15938326716423035,0.014518825337290764,0.23126302083333333,0.6835758686065674,0.9580680437373299,0.014084201388888896,1.0,0.0,0.2258522727272727,0.533877840909091,0.7234375,0.7277864583333333,1.3020833333333334e-05,0.00796875,0.9203890562057495,0.039193615317344666,0.510464072227478,1.0,0.0,0.06976009905338287,0.0,0.43389448523521423,1.0,0.974185049533844,0.025814950466156006
9,380,0.3570181727409363,0.2287055104970932,0.14915071427822113,0.01472165435552597,0.2283203125,0.7049020528793335,0.941126849804169,0.013333333333333336,1.0,0.0,0.209280303030303,0.5313920454545454,0.7162630208333334,0.7342578125,1.3020833333333334e-05,0.007604166666666667,0.9271226525306702,0.03430251032114029,0.5111218690872192,1.0,0.0,0.07414548099040985,0.0,0.4344536066055298,1.0,0.9743796586990356,0.025620341300964355
9,390,0.3563123047351837,0.1991865187883377,0.13241568207740784,0.017901863902807236,0.24880208333333334,0.7240545749664307,0.9174854872675025,0.002754189140266866,1.0,0.0,0.2394649621212121,0.5359197443181818,0.7827604166666666,0.7908203125,0.0,0.008268229166666667,0.9322922825813293,0.03013136424124241,0.5116739273071289,1.0,0.0,0.07782626152038574,0.0,0.43492284417152405,1.0,0.9747145175933838,0.02528548240661621
9,400,0.38891473412513733,0.19212239980697632,0.12207238376140594,0.018328597769141197,0.246640625,0.7221822142601013,0.8862134490563319,0.019694000482559242,1.0,0.0,0.17968749999999997,0.526953125,0.8202734375,0.8323307291666666,0.0,0.006953125,0.9385074377059937,0.026356417685747147,0.5127502679824829,1.0,0.0,0.08500181138515472,0.0,0.4358377456665039,1.0,0.975028395652771,0.024971604347229004
9,410,0.4061717987060547,0.19873888790607452,0.13750356435775757,0.033983826637268066,0.25688802083333334,0.7468380928039551,0.9255607308791233,0.0031527802348137344,1.0,0.0,0.1447679924242424,0.5217151988636364,0.82828125,0.8224869791666667,0.00010416666666666667,0.006184895833333333,0.9453029632568359,0.022185660898685455,0.5139746069908142,1.0,0.0,0.09316378831863403,0.0,0.4368784427642822,1.0,0.975366473197937,0.02463352680206299
9,420,0.41608473658561707,0.18539932370185852,0.14260002970695496,0.02271605096757412,0.25881510416666664,0.7392399907112122,0.9075063899847177,0.03650169074535373,1.0,0.0,0.08913352272727272,0.513370028409091,0.86625,0.853046875,6.510416666666667e-05,0.0049609375,0.9478378295898438,0.020051181316375732,0.5154753923416138,1.0,0.0,0.10316897183656693,0.0,0.43815410137176514,1.0,0.9756635427474976,0.02433645725250244
9,430,0.4316694140434265,0.18254494667053223,0.15144047141075134,0.024635255336761475,0.27002604166666666,0.7465735673904419,0.9167583834207974,0.043637633323669434,1.0,0.0,0.03409090909090908,0.5051136363636364,0.8767708333333334,0.8696744791666666,3.90625e-05,0.00375,0.9459917545318604,0.020051181316375732,0.5167461633682251,1.0,0.0,0.11164096742868423,0.0,0.43923425674438477,1.0,0.9759196043014526,0.024080395698547363
9,440,0.44117608666419983,0.17641213536262512,0.15483155846595764,0.028600266203284264,0.28106770833333333,0.7659847736358643,0.910231523513794,0.05896966159343723,1.0,0.0,0.0,0.5,0.89734375,0.88265625,0.0,0.0028385416666666667,0.9467011094093323,0.01887965016067028,0.5184878706932068,1.0,0.0,0.12325263023376465,0.0,0.4407147169113159,1.0,0.9763032793998718,0.023696720600128174
9,450,0.4477097988128662,0.17107196152210236,0.1585780531167984,0.03343619406223297,0.2882421875,0.7759002447128296,0.9058913975495558,0.07232009619474414,1.0,0.0,0.0,0.5,0.9054296875,0.8830078125,0.0,0.00171875,0.9492172598838806,0.01739906147122383,0.5203547477722168,1.0,0.0,0.13569851219654083,0.0,0.44230154156684875,1.0,0.9768019914627075,0.02319800853729248
9,460,0.44411179423332214,0.18163751065731049,0.1675151288509369,0.03143225982785225,0.30346354166666667,0.759372353553772,0.942146777831591,0.045906223356723806,1.0,0.0,0.0,0.5,0.8873567708333333,0.8815234375,0.0027604166666666667,0.0025130208333333333,0.9436709880828857,0.022390028461813927,0.5216737985610962,1.0,0.0,0.1444917917251587,0.0,0.44342273473739624,1.0,0.977192759513855,0.02280724048614502
9,470,0.43514540791511536,0.24714495241641998,0.18021589517593384,0.044428810477256775,0.2865755208333333,0.7500851154327393,0.9999999999999999,0.0,1.0,0.0,0.0790719696969697,0.5118607954545454,0.7061588541666667,0.717109375,0.0031119791666666665,0.0047395833333333335,0.9380908012390137,0.024710873141884804,0.5221514701843262,1.0,0.0,0.14767655730247498,0.0,0.4438287615776062,1.0,0.977463960647583,0.022536039352416992
9,480,0.4142763316631317,0.22114768624305725,0.17514586448669434,0.03637315705418587,0.29518229166666665,0.7223740816116333,0.9917853091313288,0.0,1.0,0.0,0.09209280303030301,0.5138139204545454,0.77078125,0.7695182291666667,0.00026041666666666666,0.0050260416666666665,0.9366475939750671,0.024534575641155243,0.5223755836486816,1.0,0.0,0.14917027950286865,0.0,0.44401925802230835,1.0,0.9779269099235535,0.022073090076446533
9,490,0.43440181016921997,0.21070826053619385,0.15935365855693817,0.022666525095701218,0.27337239583333334,0.7500110268592834,0.9650600375578954,0.0,1.0,0.0,0.0772964015151515,0.5115944602272727,0.8215234375,0.8259895833333334,0.00013020833333333333,0.0047005208333333335,0.9365362524986267,0.024461202323436737,0.5224220156669617,1.0,0.0,0.14948029816150665,0.0,0.44405871629714966,1.0,0.9783010482788086,0.021698951721191406
9,500,0.4041679799556732,0.191872239112854,0.17334626615047455,0.019766075536608696,0.27567708333333335,0.7239280939102173,0.9724843132495881,0.020319402217865018,1.0,0.0,0.150686553030303,0.5226029829545454,0.8270833333333333,0.8594270833333333,0.00048177083333333335,0.006315104166666667,0.9368962645530701,0.024871140718460083,0.5221641659736633,1.0,0.0,0.14776109158992767,0.0,0.44383955001831055,1.0,0.9787119030952454,0.02128809690475464
9,510,0.4238970875740051,0.2107735127210617,0.18451155722141266,0.027409005910158157,0.2812630208333333,0.7276507616043091,0.9999999999999999,0.0,1.0,0.0,0.17140151515151514,0.5257102272727273,0.8122395833333333,0.8493880208333333,0.00016927083333333334,0.0067708333333333336,0.9386307597160339,0.02487042173743248,0.5221599340438843,1.0,0.0,0.1477329134941101,0.0,0.44383594393730164,1.0,0.9790768623352051,0.020923137664794922
9,520,0.4024884104728699,0.22285902500152588,0.16851043701171875,0.024746624752879143,0.2781901041666667,0.7117370963096619,0.9805561241736779,0.0,1.0,0.0,0.21519886363636362,0.5322798295454545,0.7566015625,0.811015625,0.0,0.007734375,0.9374845623970032,0.025439949706196785,0.522028923034668,1.0,0.0,0.14685921370983124,0.0,0.4437246024608612,1.0,0.9792483448982239,0.020751655101776123
9,530,0.42122259736061096,0.22010470926761627,0.15651105344295502,0.02412111684679985,0.2744140625,0.7229945659637451,0.9602494750573084,0.0,1.0,0.0,0.1779119318181818,0.5266867897727273,0.7875911458333333,0.81921875,6.510416666666667e-05,0.0069140625,0.9367942810058594,0.024625219404697418,0.5224601030349731,1.0,0.0,0.14973396062850952,0.0,0.4440911114215851,1.0,0.9794135689735413,0.02058643102645874
9,540,0.40119579434394836,0.21087226271629333,0.1559564173221588,0.018801933154463768,0.2641796875,0.7215438485145569,0.9593108600836534,0.0,1.0,0.0,0.247750946969697,0.5371626420454545,0.7982291666666667,0.8141536458333334,0.0,0.008450520833333334,0.9351191520690918,0.02530640736222267,0.5236860513687134,1.0,0.0,0.15790721774101257,0.0,0.44513314962387085,1.0,0.9795643091201782,0.020435690879821777
9,550,0.36634790897369385,0.21620486676692963,0.170378178358078,0.009678748436272144,0.21859375,0.6667252779006958,0.981564139443585,0.004305555555555554,1.0,0.0,0.26136363636363635,0.5392045454545454,0.7759375,0.7854036458333333,0.0,0.00875,0.9355190992355347,0.023632587864995003,0.5248004198074341,1.0,0.0,0.16533640027046204,0.0,0.44608035683631897,1.0,0.9797127842903137,0.02028721570968628
9,560,0.3177426755428314,0.18016889691352844,0.12523023784160614,0.006432647351175547,0.18236979166666667,0.7614417672157288,0.7950897554477472,0.13521181543779165,1.0,0.0,0.25603693181818177,0.5384055397727273,0.7878125,0.7736979166666667,0.0,0.0086328125,0.936784029006958,0.021243873983621597,0.5256316065788269,1.0,0.0,0.17087730765342712,0.0,0.44678688049316406,1.0,0.9798431992530823,0.020156800746917725
9,570,0.3519997298717499,0.21016544103622437,0.1339273899793625,0.0077187251299619675,0.19119791666666666,0.7539271712303162,0.8828180608291265,0.04873773739953349,1.0,0.0,0.2501183712121212,0.5375177556818181,0.7695442708333333,0.7674739583333333,1.3020833333333334e-05,0.008502604166666667,0.9355311393737793,0.020051579922437668,0.5263612270355225,1.0,0.0,0.1757417917251587,0.0,0.447407066822052,1.0,0.9799536466598511,0.020046353340148926
9,580,0.3575156033039093,0.21365833282470703,0.1403801441192627,0.00981902051717043,0.19287760416666666,0.7577411532402039,0.9277600409026838,0.01038194444444445,1.0,0.0,0.2572206439393939,0.5385830965909091,0.762265625,0.7655598958333333,0.0,0.008658854166666667,0.935001015663147,0.02103104069828987,0.5262598395347595,1.0,0.0,0.17506539821624756,0.0,0.4473208785057068,1.0,0.980027437210083,0.019972562789916992
9,590,0.3637614846229553,0.22239576280117035,0.14731401205062866,0.009650994092226028,0.20365885416666665,0.7909354567527771,0.9387889838014913,0.01179253472222222,1.0,0.0,0.2157907196969697,0.5323686079545454,0.759765625,0.7595182291666667,0.0,0.0077473958333333336,0.9347121715545654,0.022164637222886086,0.5262048840522766,1.0,0.0,0.17469900846481323,0.0,0.44727417826652527,1.0,0.9800053238868713,0.019994676113128662
9,600,0.34946775436401367,0.22047613561153412,0.13906583189964294,0.009172648191452026,0.2182421875,0.6968206167221069,0.9250453688344386,0.011362847222222222,1.0,0.0,0.2033617424242424,0.5305042613636364,0.7665104166666666,0.7629296875,0.0,0.007473958333333333,0.9356210827827454,0.02336672879755497,0.5263190269470215,1.0,0.0,0.17545995116233826,0.0,0.4473711848258972,1.0,0.9799050092697144,0.020094990730285645
9,610,0.3622276186943054,0.22712577879428864,0.14174678921699524,0.008759547956287861,0.2045703125,0.7682643532752991,0.9226385996052877,0.01967894526900152,1.0,0.0,0.17909564393939392,0.5268643465909091,0.7586979166666666,0.7601171875,0.0,0.0069401041666666665,0.9364417195320129,0.023378387093544006,0.5258750915527344,1.0,0.0,0.17250066995620728,0.0,0.4469938278198242,1.0,0.9797425270080566,0.02025747299194336
9,620,0.3421442210674286,0.21908916532993317,0.12625467777252197,0.009965097531676292,0.20614583333333333,0.684177041053772,0.9014899541577723,0.015112847222222225,1.0,0.0,0.12642045454545453,0.5189630681818181,0.7589453125,0.7512369791666667,0.0,0.00578125,0.9312067627906799,0.02985161542892456,0.5257102251052856,1.0,0.0,0.1714015007019043,0.0,0.4468536972999573,1.0,0.9795138835906982,0.020486116409301758
9,630,0.3445816934108734,0.22487576305866241,0.1225084438920021,0.009436634369194508,0.20545572916666666,0.6879728436470032,0.8930104168001404,0.019392361111111117,1.0,0.0,0.1495028409090909,0.5224254261363637,0.7416666666666667,0.7505208333333333,1.3020833333333334e-05,0.0062890625,0.9246297478675842,0.03321747109293938,0.5251352787017822,1.0,0.0,0.16756853461265564,0.0,0.44636499881744385,1.0,0.9792870283126831,0.020712971687316895
9,640,0.32178518176078796,0.22538182139396667,0.13449908792972565,0.007925605401396751,0.20115885416666668,0.6663356423377991,0.8815799195861007,0.05794256482868981,1.0,0.0,0.20572916666666666,0.530859375,0.7193489583333333,0.7073046875,0.0,0.007526041666666667,0.920778214931488,0.03579849377274513,0.5249577760696411,1.0,0.0,0.16638483107089996,0.0,0.44621410965919495,1.0,0.9791050553321838,0.020894944667816162
9,650,0.31054213643074036,0.21738314628601074,0.13895641267299652,0.011084461584687233,0.21548177083333334,0.6715647578239441,0.9186318992243873,0.02381944444444445,1.0,0.0,0.15601325757575757,0.5234019886363637,0.7259505208333333,0.709375,1.3020833333333334e-05,0.006432291666666667,0.9172490835189819,0.03846769034862518,0.5245180130004883,1.0,0.0,0.16345372796058655,0.0,0.44584032893180847,1.0,0.9789883494377136,0.021011650562286377
9,660,0.3277437388896942,0.23126032948493958,0.1466330885887146,0.009961958974599838,0.21381510416666666,0.6912553906440735,0.9324543601223546,0.022157118055555557,1.0,0.0,0.1163589015151515,0.5174538352272727,0.7087890625,0.7213151041666667,2.604166666666667e-05,0.005559895833333333,0.9134814143180847,0.041017886251211166,0.524082601070404,1.0,0.0,0.1605508178472519,0.0,0.4454702138900757,1.0,0.9789649248123169,0.021035075187683105
9,670,0.3343818783760071,0.2289191335439682,0.1364319622516632,0.009316165931522846,0.2144921875,0.684445858001709,0.9158354468019598,0.020868055555555563,1.0,0.0,0.10215435606060604,0.5153231534090909,0.7192317708333333,0.7339322916666666,1.3020833333333334e-05,0.005247395833333333,0.9183800220489502,0.03721029683947563,0.5232413411140442,1.0,0.0,0.15494228899478912,0.0,0.4447551667690277,1.0,0.9788627028465271,0.0211372971534729
9,680,0.3934893310070038,0.28203871846199036,0.2374926060438156,0.008926822803914547,0.19997395833333334,0.6640358567237854,0.9888678725677615,0.02056868568688709,1.0,0.0,0.06486742424242423,0.5097301136363637,0.5711458333333334,0.6770182291666667,0.00014322916666666667,0.004427083333333333,0.9185053110122681,0.03934124484658241,0.5229284763336182,1.0,0.0,0.152856707572937,0.0,0.4444892108440399,1.0,0.9787611365318298,0.021238863468170166
9,690,0.3543754518032074,0.25605055689811707,0.21697063744068146,0.008794745430350304,0.20149739583333334,0.640890896320343,0.9857192985547913,0.023805504325363346,1.0,0.0,0.08439867424242424,0.5126598011363637,0.5766015625,0.7165755208333333,0.00022135416666666666,0.004856770833333334,0.9191675186157227,0.03987616300582886,0.5232455730438232,1.0,0.0,0.1549704670906067,0.0,0.44475874304771423,1.0,0.9785277843475342,0.02147221565246582
9,700,0.35900554060935974,0.25538456439971924,0.20477071404457092,0.008721085265278816,0.1996484375,0.6132278442382812,0.9841466960569384,0.02524394939868106,1.0,0.0,0.09327651515151512,0.5139914772727273,0.5291927083333333,0.72125,7.8125e-05,0.005052083333333333,0.920169472694397,0.039939820766448975,0.5236429572105408,1.0,0.0,0.15761972963809967,0.0,0.44509652256965637,1.0,0.9782401323318481,0.021759867668151855
9,710,0.35482364892959595,0.25847676396369934,0.20130084455013275,0.009910840541124344,0.21973958333333332,0.5740431547164917,0.9897178819444443,0.02056423611111112,1.0,0.0,0.08854166666666664,0.51328125,0.5169140625,0.7116666666666667,7.8125e-05,0.0049479166666666664,0.9212458729743958,0.039942920207977295,0.5239388942718506,1.0,0.0,0.15959258377552032,0.0,0.4453480839729309,1.0,0.9780862331390381,0.021913766860961914
9,720,0.2832242250442505,0.21460463106632233,0.21961037814617157,0.00537775456905365,0.18865885416666667,0.6122615337371826,0.8900660694000844,0.13593778414131824,1.0,0.0,0.14831912878787876,0.5222478693181818,0.5753515625,0.6945442708333334,0.0002734375,0.006263020833333333,0.9245837330818176,0.03969799727201462,0.5262429118156433,1.0,0.0,0.1749526560306549,0.0,0.44730648398399353,1.0,0.9779137372970581,0.022086262702941895
9,730,0.3196297287940979,0.23440124094486237,0.1182752177119255,0.0074668629094958305,0.19274739583333333,0.6967693567276001,0.8424392436861632,0.07068295668881276,1.0,0.0,0.13470643939393936,0.5202059659090909,0.696484375,0.7044921875,0.0,0.0059635416666666665,0.9287831783294678,0.0399613082408905,0.531349778175354,1.0,0.0,0.20899847149848938,0.0,0.4516473114490509,1.0,0.9777534604072571,0.02224653959274292
9,740,0.33548468351364136,0.2504937946796417,0.13117575645446777,0.008058562874794006,0.20877604166666666,0.6888096332550049,0.8793667218917256,0.054201483322675936,1.0,0.0,0.15305397727272724,0.5229580965909091,0.6844010416666667,0.67609375,0.0,0.0063671875,0.9292417168617249,0.03937764838337898,0.5335522890090942,1.0,0.0,0.22368213534355164,0.0,0.45351946353912354,1.0,0.9775320887565613,0.02246791124343872
9,750,0.32714420557022095,0.24701356887817383,0.13512128591537476,0.008065592497587204,0.1959765625,0.6882239580154419,0.885199385273449,0.05605313777681288,1.0,0.0,0.18619791666666663,0.5279296875,0.6833203125,0.6813411458333334,0.0,0.007096354166666667,0.9307776689529419,0.036965493112802505,0.5354419946670532,1.0,0.0,0.23628020286560059,0.0,0.45512571930885315,1.0,0.9773117303848267,0.02268826961517334
9,760,0.3432210683822632,0.26385581493377686,0.146240234375,0.00800776295363903,0.18700520833333334,0.7085044980049133,0.9024428415433279,0.05785963640666911,1.0,0.0,0.2004024621212121,0.5300603693181818,0.6467578125,0.648046875,0.0,0.007408854166666667,0.9306647777557373,0.03604369983077049,0.5369089841842651,1.0,0.0,0.24605992436408997,0.0,0.4563726484775543,1.0,0.9770811200141907,0.022918879985809326
9,770,0.3451867401599884,0.2483043223619461,0.14457091689109802,0.007752323988825083,0.19553385416666666,0.7059406638145447,0.897962084843907,0.05525244444638974,1.0,0.0,0.13825757575757575,0.5207386363636364,0.7059765625,0.6905208333333334,0.0,0.0060416666666666665,0.9310427904129028,0.03498860076069832,0.5376487970352173,1.0,0.0,0.2509920597076416,0.0,0.4570014774799347,1.0,0.9768295288085938,0.02317047119140625
9,780,0.3626042306423187,0.2561105489730835,0.15740130841732025,0.006448098458349705,0.17291666666666666,0.7959010004997253,0.8854475273366507,0.09348764015871497,1.0,0.0,0.20632102272727268,0.5309481534090909,0.6803645833333334,0.6835807291666667,0.0,0.0075390625,0.9307999610900879,0.034979578107595444,0.537708044052124,1.0,0.0,0.2513866424560547,0.0,0.4570518434047699,1.0,0.9763813018798828,0.023618698120117188
9,790,0.38632476329803467,0.2607995569705963,0.153871551156044,0.008714543655514717,0.16354166666666667,0.7575533390045166,0.9416678769868166,0.021615263720757255,1.0,0.0,0.30160984848484845,0.5452414772727273,0.6560807291666667,0.6905859375,0.0,0.009635416666666667,0.9248550534248352,0.03768511861562729,0.5375219583511353,1.0,0.0,0.2501465678215027,0.0,0.4568936824798584,1.0,0.9761087894439697,0.023891210556030273
9,800,0.3519032895565033,0.23833316564559937,0.1601422131061554,0.010144290514290333,0.201640625,0.7730814814567566,0.9598298443484511,0.013129340277777783,1.0,0.0,0.2714251893939394,0.540713778409091,0.709140625,0.71734375,0.0,0.008971354166666667,0.9199790954589844,0.04047568142414093,0.536919116973877,1.0,0.0,0.24612757563591003,0.0,0.45638126134872437,1.0,0.9757910966873169,0.024208903312683105
9,810,0.36980894207954407,0.23712694644927979,0.1524421125650406,0.013833952136337757,0.21811197916666666,0.7057151794433594,0.9476495994156243,0.011427951388888895,1.0,0.0,0.2447916666666666,0.53671875,0.7265755208333333,0.7390755208333334,0.0,0.008385416666666666,0.9174546599388123,0.04034167528152466,0.5364625453948975,1.0,0.0,0.24308374524116516,0.0,0.4559931755065918,1.0,0.9755291938781738,0.024470806121826172
9,820,0.3701561987400055,0.2626498341560364,0.22612757980823517,0.029498081654310226,0.2783333333333333,0.6439070701599121,0.992732204861111,0.014535590277777781,1.0,0.0,0.5016571969696969,0.5752485795454545,0.5176953125,0.6789322916666667,0.010286458333333333,0.014036458333333333,0.9150177836418152,0.040229782462120056,0.5364752411842346,1.0,0.0,0.24316829442977905,0.0,0.45600396394729614,1.0,0.9753131866455078,0.024686813354492188
9,830,0.3236709237098694,0.24021166563034058,0.20535719394683838,0.01726643741130829,0.259765625,0.622561514377594,0.9896788194444444,0.02064236111111111,1.0,0.0,0.8413825757575757,0.6262073863636364,0.6097786458333333,0.644765625,0.008658854166666667,0.021510416666666667,0.9161675572395325,0.033914558589458466,0.5368472337722778,1.0,0.0,0.24564845860004425,0.0,0.4563201665878296,1.0,0.9751415848731995,0.024858415126800537
9,840,0.351082444190979,0.22843095660209656,0.1245771199464798,0.015585393644869328,0.23901041666666667,0.711115300655365,0.9026397254222478,0.007135416666666672,1.0,0.0,0.45785984848484845,0.5686789772727272,0.7147395833333333,0.721015625,0.002486979166666667,0.013072916666666667,0.9203643798828125,0.03054869920015335,0.5374771952629089,1.0,0.0,0.24984781444072723,0.0,0.4568556249141693,1.0,0.9750206470489502,0.024979352951049805
9,850,0.36050695180892944,0.22867201268672943,0.1312374472618103,0.014992808923125267,0.2244140625,0.745401918888092,0.9138350937101576,0.007287326388888896,1.0,0.0,0.47028882575757563,0.5705433238636364,0.718359375,0.721640625,0.0005859375,0.013346354166666666,0.9232221841812134,0.027967676520347595,0.537853479385376,1.0,0.0,0.2523561716079712,0.0,0.45717546343803406,1.0,0.9749245643615723,0.025075435638427734
9,860,0.3701127767562866,0.22177575528621674,0.13183557987213135,0.01467969547957182,0.20731770833333332,0.7445449829101562,0.9162600785442907,0.004461805555555559,1.0,0.0,0.3613873106060605,0.5542080965909091,0.74296875,0.7593229166666666,0.00015625,0.010950520833333333,0.9286888837814331,0.025298479944467545,0.5387073755264282,1.0,0.0,0.25804924964904785,0.0,0.457901269197464,1.0,0.9748513698577881,0.025148630142211914
9,870,0.3919147551059723,0.20084746181964874,0.1447780579328537,0.01353233028203249,0.21049479166666665,0.7487731575965881,0.9403936365017523,0.0,1.0,0.0,0.21993371212121213,0.5329900568181818,0.8120052083333333,0.8066796875,2.604166666666667e-05,0.007838541666666667,0.9276700019836426,0.024296073243021965,0.5388511419296265,1.0,0.0,0.2590074837207794,0.0,0.4580234885215759,1.0,0.974790632724762,0.025209367275238037
9,880,0.4042181968688965,0.19172856211662292,0.13702869415283203,0.0158523116260767,0.2197265625,0.760543704032898,0.9107364527995768,0.0206785947084427,1.0,0.0,0.11044034090909088,0.5165660511363637,0.8294921875,0.8262760416666667,7.8125e-05,0.0054296875,0.9222139120101929,0.02665153704583645,0.5392062664031982,1.0,0.0,0.26137492060661316,0.0,0.4583253264427185,1.0,0.9746968746185303,0.025303125381469727
9,890,0.4261789619922638,0.16904598474502563,0.13623301684856415,0.016992220655083656,0.23638020833333334,0.7737160921096802,0.8640247672337752,0.07738503813743594,1.0,0.0,0.038825757575757576,0.5058238636363637,0.8945963541666667,0.9077213541666667,0.0,0.0038541666666666668,0.922365665435791,0.023666637018322945,0.5390413999557495,1.0,0.0,0.2602757513523102,0.0,0.45818519592285156,1.0,0.974653959274292,0.025346040725708008
9,900,0.43933582305908203,0.16703705489635468,0.15001124143600464,0.01717452146112919,0.25024739583333333,0.7855725884437561,0.8833239029921017,0.08240736275911331,1.0,0.0,0.0,0.5,0.9090234375,0.9139973958333333,2.604166666666667e-05,0.0013932291666666667,0.9186689853668213,0.025693250820040703,0.5368870496749878,1.0,0.0,0.24591338634490967,0.0,0.4563539922237396,1.0,0.9746188521385193,0.025381147861480713
9,910,0.42414602637290955,0.19102808833122253,0.14990916848182678,0.016244882717728615,0.2375,0.7673786282539368,0.9311332310163057,0.022429779171943696,1.0,0.0,0.029356060606060604,0.5044034090909091,0.8600260416666666,0.8604427083333334,7.8125e-05,0.0036458333333333334,0.912984311580658,0.028200222179293633,0.5349482297897339,1.0,0.0,0.2329883724451065,0.0,0.45470601320266724,1.0,0.9746144413948059,0.025385558605194092
9,920,0.40803059935569763,0.19271419942378998,0.15229573845863342,0.014649015851318836,0.2438671875,0.7704482078552246,0.9385442639314211,0.018214501440525076,1.0,0.0,0.09031723484848483,0.5135475852272727,0.852734375,0.8539453125,0.0,0.0049869791666666665,0.9115186333656311,0.027809487655758858,0.5340858697891235,1.0,0.0,0.22723892331123352,0.0,0.4539729952812195,1.0,0.9746358394622803,0.025364160537719727
9,930,0.3821486234664917,0.19867278635501862,0.13087455928325653,0.013704373501241207,0.23924479166666668,0.7599256634712219,0.9142102114970866,0.003318034112453477,1.0,0.0,0.2004024621212121,0.5300603693181818,0.8367447916666667,0.8207291666666666,1.3020833333333334e-05,0.007408854166666667,0.911864697933197,0.02711731567978859,0.5319382548332214,1.0,0.0,0.2129216194152832,0.0,0.45214754343032837,1.0,0.9746311902999878,0.025368809700012207
9,940,0.3870150148868561,0.21571682393550873,0.1389748454093933,0.0272382665425539,0.2536328125,0.7467438578605652,0.9305728153082041,0.0,1.0,0.0,0.2228929924242424,0.5334339488636364,0.7975390625,0.778359375,0.0,0.007903645833333334,0.902806282043457,0.03041079267859459,0.5283321738243103,1.0,0.0,0.1888810098171234,0.0,0.4490823745727539,1.0,0.9745736122131348,0.025426387786865234
9,950,0.3997178375720978,0.21503883600234985,0.14417898654937744,0.03159458190202713,0.26109375,0.7448665499687195,0.9393798233912541,0.0,1.0,0.0,0.20572916666666666,0.530859375,0.8044921875,0.7914713541666667,2.604166666666667e-05,0.007526041666666667,0.9013642072677612,0.03127017617225647,0.5280658006668091,1.0,0.0,0.1871054321527481,0.0,0.4488559365272522,1.0,0.974550724029541,0.025449275970458984
9,960,0.4200253188610077,0.20111340284347534,0.19188039004802704,0.010750306770205498,0.25149739583333336,0.6470314264297485,0.9999999999999999,0.0,1.0,0.0,0.30575284090909094,0.5458629261363637,0.76546875,0.8529427083333333,0.005364583333333333,0.0097265625,0.9006144404411316,0.030923163518309593,0.5274612903594971,1.0,0.0,0.1830751746892929,0.0,0.44834211468696594,1.0,0.9745357632637024,0.025464236736297607
9,970,0.38766834139823914,0.18527637422084808,0.12711067497730255,0.010147335939109325,0.24424479166666666,0.7214877605438232,0.8810477368648234,0.0368090644478798,1.0,0.0,0.22052556818181812,0.5330788352272727,0.8557161458333333,0.8638411458333334,0.0003125,0.0078515625,0.899319589138031,0.030710697174072266,0.5277487635612488,1.0,0.0,0.18499165773391724,0.0,0.44858646392822266,1.0,0.9745330810546875,0.0254669189453125
9,980,0.3738013207912445,0.16728343069553375,0.10258587449789047,0.008248035795986652,0.2078125,0.6922352313995361,0.7833836919346066,0.1047171611884018,1.0,0.0,0.18797348484848483,0.5281960227272727,0.8597786458333333,0.8889973958333334,0.00010416666666666667,0.007135416666666667,0.8950328826904297,0.0319468230009079,0.5284843444824219,1.0,0.0,0.1898956149816513,0.0,0.4492117166519165,1.0,0.9745423197746277,0.025457680225372314
9,990,0.3883174657821655,0.18767808377742767,0.1287558674812317,0.01500494685024023,0.2383203125,0.7461117506027222,0.8886353279077089,0.03080479055643083,1.0,0.0,0.18323863636363635,0.5274857954545454,0.8540625,0.8530078125,2.604166666666667e-05,0.00703125,0.8943450450897217,0.031101930886507034,0.5297314524650574,1.0,0.0,0.19820977747440338,0.0,0.45027175545692444,1.0,0.9745843410491943,0.025415658950805664
9,1000,0.42554187774658203,0.17433033883571625,0.12999574840068817,0.010412645526230335,0.1830078125,0.7556753754615784,0.8640380980418277,0.06417415291070941,1.0,0.0,0.0,0.5,0.890703125,0.9014713541666667,0.0,0.0026432291666666666,0.8973047733306885,0.027416925877332687,0.5322046279907227,1.0,0.0,0.2146971970796585,0.0,0.4523739516735077,1.0,0.9746824502944946,0.02531754970550537
9,1010,0.41246408224105835,0.17750288546085358,0.11726588010787964,0.008687320165336132,0.18138020833333332,0.7675533294677734,0.8404513660842102,0.06577570813639863,1.0,0.0,0.0,0.5,0.8818229166666667,0.8961848958333334,0.0,0.0019401041666666666,0.8982629776000977,0.023492764681577682,0.5353355407714844,1.0,0.0,0.23556998372077942,0.0,0.4550352096557617,1.0,0.9748246669769287,0.02517533302307129
9,1020,0.3881440758705139,0.19871097803115845,0.1324009895324707,0.010964534245431423,0.21330729166666668,0.7625848650932312,0.9168697845018826,0.003222554922103904,1.0,0.0,0.12405303030303028,0.5186079545454545,0.830859375,0.8373828125,1.3020833333333334e-05,0.005729166666666666,0.9006396532058716,0.02242467924952507,0.5380622744560242,1.0,0.0,0.25374841690063477,0.0,0.4573529362678528,1.0,0.9749795794487,0.02502042055130005
9,1030,0.4665457606315613,0.24562010169029236,0.19440656900405884,0.010576322674751282,0.20028645833333333,0.6376914381980896,0.9999999999999999,0.0,1.0,0.0,0.20099431818181815,0.5301491477272727,0.6283984375,0.7910286458333333,0.004192708333333333,0.007421875,0.8997498750686646,0.02155732363462448,0.5393559336662292,1.0,0.0,0.26237261295318604,0.0,0.4584525525569916,1.0,0.9751545786857605,0.024845421314239502
9,1040,0.3941132128238678,0.2013758271932602,0.1081932783126831,0.00605438370257616,0.17139322916666666,0.6424520015716553,0.7994522025982725,0.08980537492145851,1.0,0.0,0.3365293560606061,0.550479403409091,0.7955729166666666,0.8394791666666667,0.0,0.010403645833333334,0.9000611305236816,0.021399322897195816,0.5401507019996643,1.0,0.0,0.267671138048172,0.0,0.45912811160087585,1.0,0.9753131866455078,0.024686813354492188
9,1050,0.3609786629676819,0.19310429692268372,0.11685360968112946,0.008739462122321129,0.22838541666666667,0.7061361074447632,0.8723554311466263,0.025182485671305058,1.0,0.0,0.4205729166666667,0.5630859375,0.7941666666666667,0.8047395833333333,0.00010416666666666667,0.012252604166666667,0.8992623090744019,0.021399322897195816,0.5403620600700378,1.0,0.0,0.2690803110599518,0.0,0.4593077600002289,1.0,0.9754432439804077,0.024556756019592285
9,1060,0.3696187436580658,0.20469440519809723,0.11978084594011307,0.010029354132711887,0.253203125,0.7146246433258057,0.8980906623601913,0.0,1.0,0.0,0.385653409090909,0.5578480113636364,0.7777083333333333,0.8184375,0.0005598958333333334,0.011484375,0.8984229564666748,0.021399322897195816,0.5406114459037781,1.0,0.0,0.27074316143989563,0.0,0.45951974391937256,1.0,0.9755746126174927,0.024425387382507324
9,1070,0.3483893573284149,0.2015056312084198,0.11444869637489319,0.01339467242360115,0.2554296875,0.7374862432479858,0.8890670246344347,0.0,1.0,0.0,0.4016335227272726,0.5602450284090909,0.7758203125,0.7838411458333333,0.00024739583333333335,0.0118359375,0.8956716656684875,0.021399322897195816,0.5402436852455139,1.0,0.0,0.268291175365448,0.0,0.459207147359848,1.0,0.9756888747215271,0.0243111252784729
9,1080,0.38506749272346497,0.203354611992836,0.10508294403553009,0.00814855471253395,0.21421875,0.689341127872467,0.8503736358523145,0.02595869778859905,1.0,0.0,0.3229166666666666,0.5484375,0.764375,0.8384505208333334,0.0005078125,0.010104166666666666,0.8959780931472778,0.01964651048183441,0.5403198003768921,1.0,0.0,0.26879847049713135,0.0,0.4592718482017517,1.0,0.97581946849823,0.02418053150177002
9,1090,0.38732996582984924,0.1988256871700287,0.12010505795478821,0.020817216485738754,0.29630208333333335,0.7298159003257751,0.896290703186622,0.0029357820749282945,1.0,0.0,0.2850378787878788,0.5427556818181818,0.8143489583333333,0.8115755208333333,0.0004427083333333333,0.009270833333333334,0.9015957713127136,0.014659978449344635,0.540975034236908,1.0,0.0,0.2731669545173645,0.0,0.45982879400253296,1.0,0.9760173559188843,0.023982644081115723
9,1100,0.39821338653564453,0.23038320243358612,0.13637922704219818,0.012525882571935654,0.2550911458333333,0.7097790241241455,0.9261802303791046,0.0,1.0,0.0,0.385061553030303,0.5577592329545454,0.7499088541666666,0.70828125,0.000234375,0.011471354166666666,0.9027384519577026,0.013193083927035332,0.5414485335350037,1.0,0.0,0.27632349729537964,0.0,0.4602312743663788,1.0,0.9763796329498291,0.0236203670501709
9,1110,0.36958247423171997,0.20839054882526398,0.12294498831033707,0.015411939471960068,0.2601171875,0.674578070640564,0.9034453648328781,0.0,1.0,0.0,0.4383285984848484,0.5657492897727272,0.7788411458333333,0.795,0.0006380208333333333,0.012643229166666667,0.9075249433517456,0.010137172415852547,0.5432604551315308,1.0,0.0,0.2884030044078827,0.0,0.4617713987827301,1.0,0.9768173694610596,0.02318263053894043
9,1120,0.382800817489624,0.2245747447013855,0.1687990128993988,0.016275612637400627,0.23872395833333335,0.7043537497520447,0.9810444833682134,0.0,1.0,0.0,0.4111032196969696,0.5616654829545454,0.736171875,0.7423307291666666,0.0004427083333333333,0.012044270833333334,0.9115842580795288,0.007004995364695787,0.5451357960700989,1.0,0.0,0.3009052872657776,0.0,0.46336543560028076,1.0,0.9660483598709106,0.033951640129089355
9,1130,0.3784695863723755,0.2128223329782486,0.1326434165239334,0.012286203913390636,0.2241796875,0.7302727103233337,0.9198580895020411,0.0,1.0,0.0,0.2714251893939394,0.540713778409091,0.76828125,0.7892838541666667,3.90625e-05,0.008971354166666667,0.9106887578964233,0.00688295578584075,0.5465816259384155,1.0,0.0,0.31054407358169556,0.0,0.46459439396858215,1.0,0.9663815498352051,0.03361845016479492
9,1140,0.3718128204345703,0.20573657751083374,0.13316892087459564,0.013235913589596748,0.21490885416666666,0.7727479338645935,0.920747404557008,0.0,1.0,0.0,0.3116714015151515,0.5467507102272727,0.7697135416666666,0.791015625,0.0,0.009856770833333334,0.9061304330825806,0.00693069864064455,0.5475919842720032,1.0,0.0,0.3172799348831177,0.0,0.46545320749282837,1.0,0.9647574424743652,0.035242557525634766
9,1150,0.3671289086341858,0.20042119920253754,0.12906192243099213,0.014405066147446632,0.20684895833333333,0.7329380512237549,0.9137970994986021,0.0,1.0,0.0,0.2524857954545454,0.5378728693181818,0.7868489583333333,0.7968489583333334,1.3020833333333334e-05,0.0085546875,0.9108043909072876,0.0026542521081864834,0.5476004481315613,1.0,0.0,0.3173363208770752,0.0,0.4654603898525238,1.0,0.9595437049865723,0.040456295013427734
9,1160,0.37445342540740967,0.20554116368293762,0.1337640881538391,0.01382118184119463,0.19213541666666667,0.725943922996521,0.9217546107218816,0.0,1.0,0.0,0.24064867424242425,0.5360973011363637,0.7784114583333334,0.7944140625,0.0,0.008294270833333334,0.914116621017456,0.00145508605055511,0.547156572341919,1.0,0.0,0.3143770098686218,0.0,0.4650830924510956,1.0,0.9490542411804199,0.05094575881958008
9,1170,0.3791651427745819,0.2067212611436844,0.14585870504379272,0.02064434252679348,0.21946614583333332,0.7707672715187073,0.9422224239202647,0.0,1.0,0.0,0.25426136363636365,0.5381392045454545,0.7839453125,0.7904557291666666,0.00014322916666666667,0.00859375,0.9163836240768433,0.00145508605055511,0.5473890900611877,1.0,0.0,0.3159271478652954,0.0,0.4652807414531708,1.0,0.9385598301887512,0.06144016981124878
9,1180,0.3714764714241028,0.2000974714756012,0.1135120615363121,0.018995752558112144,0.22796875,0.7524545192718506,0.8874819502922205,0.0,1.0,0.0,0.2311789772727272,0.5346768465909091,0.7962630208333333,0.799921875,2.604166666666667e-05,0.0080859375,0.9191436171531677,0.00145508605055511,0.5475243330001831,1.0,0.0,0.31682902574539185,0.0,0.4653956890106201,1.0,0.9278804063796997,0.07211959362030029
9,1190,0.37159264087677,0.20417271554470062,0.12170995771884918,0.016307692974805832,0.21877604166666667,0.773754358291626,0.9013553130626678,0.0,1.0,0.0,0.2797111742424242,0.5419566761363637,0.7907421875,0.7906510416666667,0.0,0.009153645833333333,0.9237847328186035,0.00022143770183902234,0.5483191609382629,1.0,0.0,0.3221275508403778,0.0,0.46607130765914917,1.0,0.9176602363586426,0.08233976364135742
9,1200,0.3695407211780548,0.20891089737415314,0.1283729523420334,0.021655144169926643,0.23625,0.7203307747840881,0.9126311501172873,0.0,1.0,0.0,0.24952651515151514,0.5374289772727273,0.7887369791666666,0.7723307291666667,2.604166666666667e-05,0.008489583333333333,0.926103413105011,0.0005820105434395373,0.548429012298584,1.0,0.0,0.3228603005409241,0.0,0.4661646783351898,1.0,0.9072805643081665,0.0927194356918335
9,1210,0.38232073187828064,0.21520239114761353,0.15905514359474182,0.027169059962034225,0.24493489583333333,0.7599745392799377,0.9645548583911016,0.0,1.0,0.0,0.25366950757575757,0.5380504261363637,0.7776692708333334,0.75171875,0.0,0.008580729166666667,0.9275239706039429,0.0010170717723667622,0.547887921333313,1.0,0.0,0.31925278902053833,0.0,0.4657047390937805,1.0,0.8965517282485962,0.10344827175140381
9,1220,0.3672187626361847,0.20174500346183777,0.13609370589256287,0.014850038103759289,0.20390625,0.75812166929245,0.9256970407412602,0.0,1.0,0.0,0.26254734848484845,0.5393821022727273,0.7970182291666666,0.7914453125,0.00022135416666666666,0.008776041666666666,0.9293115139007568,0.006471386179327965,0.5387516617774963,0.9836891293525696,0.0,0.31271421909332275,0.0,0.45793893933296204,1.0,0.8858615159988403,0.11413848400115967
9,1230,0.3615379333496094,0.21161577105522156,0.11996001750230789,0.014691101387143135,0.20059895833333333,0.7321033477783203,0.8980640146620252,0.0006597222222222237,1.0,0.0,0.326467803030303,0.5489701704545454,0.7731901041666667,0.7721875,0.00029947916666666664,0.010182291666666666,0.9302141666412354,0.006471386179327965,0.5358473062515259,0.9836891293525696,0.0,0.29335206747055054,0.0,0.4554702341556549,1.0,0.8750628232955933,0.12493717670440674
9,1240,0.3617110848426819,0.21184083819389343,0.12373200058937073,0.022716086357831955,0.23497395833333334,0.7358474135398865,0.904275929683294,0.0010026041666666707,1.0,0.0,0.34244791666666663,0.5513671875,0.7682552083333334,0.7644661458333334,0.00013020833333333333,0.010533854166666667,0.9321855306625366,0.008915705606341362,0.5402270555496216,0.9836891293525696,0.0,0.32255029678344727,0.0,0.45919302105903625,1.0,0.8643238544464111,0.13567614555358887
9,1250,0.374679833650589,0.20398618280887604,0.11949433386325836,0.026908976957201958,0.24669270833333334,0.7068223357200623,0.8976057957685911,0.0,1.0,0.0,0.3377130681818181,0.5506569602272727,0.7983463541666667,0.8072916666666666,0.00037760416666666666,0.0104296875,0.9341630935668945,0.011725365184247494,0.5446448922157288,0.9836891293525696,0.0,0.35200217366218567,0.0,0.46294817328453064,1.0,0.853519082069397,0.14648091793060303
9,1260,0.36809733510017395,0.21650196611881256,0.14567460119724274,0.030574338510632515,0.2636588541666667,0.7544281482696533,0.9419108635645647,0.0,1.0,0.0,0.3584280303030302,0.5537642045454545,0.757734375,0.7452213541666667,1.3020833333333334e-05,0.010885416666666667,0.9382680058479309,0.011725365184247494,0.5357485413551331,0.955217719078064,0.0,0.38759809732437134,0.0,0.45538628101348877,1.0,0.8427514433860779,0.15724855661392212
9,1270,0.3692387640476227,0.21833164989948273,0.14791196584701538,0.03359263017773628,0.2707291666666667,0.7284179329872131,0.9456971729718721,0.0,1.0,0.0,0.4182054924242424,0.5627308238636364,0.7485546875,0.7410026041666666,3.90625e-05,0.012200520833333334,0.9419939517974854,0.011725365184247494,0.5257683992385864,0.9244094491004944,0.0,0.4237576723098755,0.0,0.44690313935279846,1.0,0.8319253921508789,0.1680746078491211
9,1280,0.369670569896698,0.21898163855075836,0.14869798719882965,0.03449932113289833,0.277734375,0.7412756085395813,0.9470273629518656,0.0,1.0,0.0,0.4205729166666667,0.5630859375,0.7449479166666667,0.7359375,1.3020833333333334e-05,0.012252604166666667,0.944359302520752,0.012497315183281898,0.5155601501464844,0.8933396339416504,0.0,0.45926904678344727,0.0,0.4382261335849762,1.0,0.8207888603210449,0.17921113967895508
9,1290,0.3696764409542084,0.21934092044830322,0.14919137954711914,0.0358165018260479,0.27924479166666666,0.7433292865753174,0.947836292951535,5.208333333333223e-05,1.0,0.0,0.43418560606060597,0.5651278409090909,0.7451692708333333,0.7339583333333334,2.604166666666667e-05,0.012552083333333333,0.9493266940116882,0.013278564438223839,0.506790816783905,0.8648178577423096,0.0,0.495879590511322,0.0,0.43077221512794495,1.0,0.8095251321792603,0.19047486782073975
9,1300,0.35482585430145264,0.2240210473537445,0.15059486031532288,0.01527473609894514,0.23526041666666667,0.7166388630867004,0.9449835496682386,0.010507812500000002,1.0,0.0,0.3004261363636363,0.5450639204545454,0.7312369791666666,0.7119140625,0.0,0.009609375,0.9536118507385254,0.014103011228144169,0.4976186454296112,0.8361835479736328,0.0,0.5301790237426758,0.0,0.4229758679866791,1.0,0.7982204556465149,0.2017795443534851
9,1310,0.3563110828399658,0.2234225869178772,0.15670675039291382,0.0165718887001276,0.23559895833333333,0.7152183651924133,0.9560125121499738,0.009136284722222221,1.0,0.0,0.3093039772727272,0.5463955965909091,0.7263020833333333,0.7237890625,0.0,0.0098046875,0.9573509097099304,0.01494564488530159,0.48730090260505676,0.8048270344734192,0.0,0.5659158229827881,0.0,0.41420578956604004,1.0,0.7869665622711182,0.21303343772888184
9,1320,0.7271397113800049,0.35855934023857117,0.18027688562870026,0.009556878358125687,0.07858072916666667,0.38010114431381226,0.9409829059829059,0.1145405982905983,0.657470703125,0.0,0.3010179924242424,0.3738880504261364,0.12184895833333333,0.18854166666666666,0.0020052083333333332,0.009622395833333333,0.958612859249115,0.015797579661011696,0.47706300020217896,0.7736893892288208,0.0,0.6014553904533386,0.8710364103317261,0.8710364103317261,0.09164434671401978,0.7754545211791992,0.22454547882080078
9,1330,0.41795602440834045,0.27856260538101196,0.18463832139968872,0.011503899469971657,0.15947916666666667,0.7698304057121277,0.9999999999999999,0.0,1.0,0.0,0.0044981060606060575,0.500674715909091,0.6474479166666667,0.658671875,0.006822916666666666,0.0030989583333333333,0.9617151021957397,0.016669562086462975,0.4665311574935913,0.74209064245224,0.0,0.6365721821784973,0.0,0.3965514898300171,1.0,0.763617753982544,0.23638224601745605
9,1340,0.3983602821826935,0.3017387390136719,0.3134711980819702,0.007871134206652641,0.16360677083333333,0.3825832009315491,0.9612563255138513,0.05133070254107801,1.0,0.0,0.8845880681818181,0.6326882102272727,0.30020833333333335,0.518828125,0.15606770833333333,0.0224609375,0.9661282300949097,0.017520049586892128,0.4558071792125702,0.711020827293396,0.0,0.6686451435089111,0.18909774720668793,0.3874361217021942,0.8377742171287537,0.7515140771865845,0.24848592281341553
9,1350,0.33470404148101807,0.3197709918022156,0.18096758425235748,0.008290435187518597,0.13305989583333333,0.4563854932785034,0.9622779994415558,0.059002865217928954,1.0,0.0,0.9301609848484849,0.6395241477272727,0.29973958333333334,0.3804427083333333,0.015690104166666666,0.023463541666666667,0.9702374339103699,0.01837053708732128,0.444786936044693,0.6795867681503296,0.0,0.6999571919441223,0.3580600619316101,0.3780688941478729,0.5363452434539795,0.7392222881317139,0.26077771186828613
9,1360,0.4292522072792053,0.304546058177948,0.2741413414478302,0.04570358991622925,0.24494791666666665,0.26357635855674744,0.9999999999999999,0.0,0.40209960937500006,0.0,1.0,0.3510498046875,0.15307291666666667,0.07559895833333333,0.14498697916666667,0.03704427083333333,0.9746582508087158,0.019280755892395973,0.433754026889801,0.6480596661567688,0.0,0.731494665145874,0.4597931206226349,0.4597931206226349,0.10082000494003296,0.726594865322113,0.27340513467788696
9,1370,0.3807290196418762,0.2901524007320404,0.26173633337020874,0.04037272557616234,0.2540104166666667,0.2665155827999115,0.9999999999999999,0.0,0.35302734375,0.0,1.0,0.326513671875,0.15231770833333333,0.06065104166666667,0.14938802083333333,0.06334635416666666,0.9769627451896667,0.02020399458706379,0.42236679792404175,0.6161198616027832,0.0,0.762045681476593,0.4066038131713867,0.4066038131713867,0.0991397500038147,0.7137250304222107,0.2862749695777893
9,1380,0.3312298655509949,0.2845569849014282,0.24757245182991028,0.03309051692485809,0.22026041666666665,0.25554051995277405,0.9918945312499999,0.016210937500000005,0.34753417968749994,0.0,1.0,0.32376708984374997,0.14484375,0.0663671875,0.15665364583333333,0.058606770833333335,0.9790652990341187,0.021170636638998985,0.40969517827033997,0.5824652910232544,0.0,0.7897502183914185,0.3942376971244812,0.3942376971244812,0.08250957727432251,0.7004079818725586,0.2995920181274414
9,1390,0.33826103806495667,0.2862939238548279,0.2506243586540222,0.041111260652542114,0.2467578125,0.31597402691841125,0.9917968749999999,0.016406250000000004,0.4010416666666667,0.0,1.0,0.35052083333333334,0.15395833333333334,0.074375,0.15221354166666667,0.060807291666666666,0.9811298847198486,0.022086435928940773,0.39658036828041077,0.5479581356048584,0.0,0.8173419833183289,0.4010847210884094,0.4010847210884094,0.1027902364730835,0.6866738796234131,0.3133261203765869
9,1400,0.34433871507644653,0.2963910400867462,0.2703785002231598,0.041687432676553726,0.23799479166666668,0.3304356634616852,0.9913433159722221,0.017313368055555556,0.3986816406250001,0.0,1.0,0.3493408203125,0.153984375,0.07359375,0.15138020833333332,0.057109375,0.9831481575965881,0.023015255108475685,0.3832637071609497,0.5132417678833008,0.0,0.8442854881286621,0.42810752987861633,0.42810752987861633,0.1028481125831604,0.6728203892707825,0.32717961072921753
9,1410,0.34076669812202454,0.2939169108867645,0.26957932114601135,0.04241453483700752,0.24283854166666666,0.3124636709690094,0.9911523437499999,0.017695312500000004,0.34151204427083337,0.0,1.0,0.32075602213541665,0.13884114583333335,0.07044270833333334,0.1530859375,0.06173177083333333,0.9852883219718933,0.02347429096698761,0.3710477650165558,0.4788159728050232,0.0,0.8775985240936279,0.43634167313575745,0.43634167313575745,0.06915324926376343,0.658523440361023,0.34147655963897705
9,1420,0.3388431966304779,0.29395240545272827,0.2700396180152893,0.04272251948714256,0.24138020833333335,0.26550695300102234,0.9910546874999999,0.017890625000000004,0.3461100260416667,0.0,1.0,0.32305501302083334,0.142109375,0.06864583333333334,0.1516796875,0.06265625,0.9868900775909424,0.024025091901421547,0.35889050364494324,0.444634348154068,0.0,0.9104888439178467,0.43376386165618896,0.43376386165618896,0.07642525434494019,0.6345776319503784,0.3654223680496216
9,1430,0.33739998936653137,0.2937871515750885,0.27087849378585815,0.0428035594522953,0.2412109375,0.2929336130619049,0.9908441840277777,0.018311631944444445,0.33642578125,0.0,1.0,0.318212890625,0.1390625,0.06859375,0.1540234375,0.06559895833333333,0.9892106652259827,0.019550234079360962,0.35493141412734985,0.4267306923866272,0.0,0.9437737464904785,0.43824419379234314,0.43824419379234314,0.0696457028388977,0.6106342077255249,0.3893657922744751
9,1440,0.33516764640808105,0.29377514123916626,0.2713084816932678,0.04262125492095947,0.241171875,0.2591460943222046,0.9907400173611111,0.018519965277777783,0.34753417968749994,0.0,1.0,0.32376708984374997,0.14134114583333332,0.06986979166666667,0.15118489583333333,0.06830729166666667,0.9887192845344543,0.0205329991877079,0.3448699712753296,0.3923863172531128,0.0,0.9911785125732422,0.43346112966537476,0.43346112966537476,0.07471585273742676,0.5866852402687073,0.4133147597312927
9,1450,0.33270758390426636,0.2931671738624573,0.27133041620254517,0.04276834800839424,0.23381510416666668,0.2555546462535858,0.9905685763888888,0.018862847222222222,0.33988444010416674,0.0,1.0,0.3199422200520834,0.13856770833333334,0.0701953125,0.14942708333333332,0.06662760416666667,0.9900622963905334,0.01909252256155014,0.32870811223983765,0.3584139347076416,0.0,0.9966744184494019,0.4384025037288666,0.4384025037288666,0.06854468584060669,0.5627302527427673,0.43726974725723267
9,1460,0.3308418393135071,0.293083131313324,0.2716009318828583,0.04215699061751366,0.239453125,0.24511998891830444,0.9904427083333333,0.019114583333333338,0.3379313151041667,0.0,1.0,0.31896565755208334,0.13930989583333334,0.068828125,0.1480859375,0.0712109375,0.9913479089736938,0.017304275184869766,0.3120745122432709,0.3241490125656128,0.0,1.0,0.43266743421554565,0.43266743421554565,0.07019621133804321,0.5387700796127319,0.46122992038726807
9,1470,0.32990172505378723,0.2930352985858917,0.27192363142967224,0.04209128022193909,0.2371484375,0.22938929498195648,0.9903059895833333,0.01938802083333334,0.32926432291666674,0.0,1.0,0.3146321614583334,0.13717447916666667,0.06819010416666667,0.14680989583333334,0.06966145833333333,0.9908331632614136,0.01833374798297882,0.3092852830886841,0.3185705840587616,0.0,1.0,0.43495938181877136,0.43495938181877136,0.06544476747512817,0.5147848129272461,0.4852151870727539
9,1480,0.3270885944366455,0.29490557312965393,0.27193257212638855,0.04160056635737419,0.2363671875,0.23062235116958618,0.9898502604166666,0.020299479166666676,0.2932535807291667,0.0,1.0,0.29662679036458334,0.12532552083333334,0.068515625,0.14865885416666666,0.08076822916666666,0.9903165698051453,0.01936693862080574,0.3072139620780945,0.3144279420375824,0.0,1.0,0.45569851994514465,0.45569851994514465,0.03907978534698486,0.4907768964767456,0.5092231035232544
9,1490,0.32721078395843506,0.2905953824520111,0.2694125473499298,0.041759513318538666,0.24497395833333332,0.3189101815223694,0.9903841145833332,0.019231770833333342,0.27534993489583337,0.0,1.0,0.28767496744791665,0.12091145833333333,0.06720052083333333,0.14645833333333333,0.0799609375,0.9901909232139587,0.019618261605501175,0.3050070106983185,0.310014009475708,0.0,1.0,0.4469641149044037,0.4469641149044037,0.02925819158554077,0.4667564034461975,0.5332435965538025
9,1500,0.32698699831962585,0.2911553382873535,0.2707842290401459,0.04206749424338341,0.23970052083333335,0.231501966714859,0.9902213541666666,0.01955729166666667,0.27095540364583337,0.0,1.0,0.28547770182291665,0.121171875,0.06553385416666667,0.1451953125,0.07561197916666666,0.9900496006011963,0.019900793209671974,0.3021606504917145,0.3043212890625,0.0,1.0,0.45028775930404663,0.45028775930404663,0.029837608337402344,0.44270753860473633,0.5572924613952637
9,1510,0.3235916197299957,0.29074525833129883,0.270555317401886,0.04085366427898407,0.239375,0.22864025831222534,0.9899262152777777,0.02014756944444445,0.27705891927083337,0.0,1.0,0.28852945963541665,0.1234765625,0.06518229166666667,0.14375,0.081328125,0.9899380207061768,0.020124007016420364,0.2987232804298401,0.297446608543396,0.0,1.0,0.44221213459968567,0.44221213459968567,0.034965693950653076,0.4186345338821411,0.5813654661178589
9,1520,0.32306692004203796,0.2908536195755005,0.27172917127609253,0.041421711444854736,0.24303385416666667,0.22719904780387878,0.9896484374999999,0.020703125000000003,0.28218587239583337,0.0,1.0,0.29109293619791665,0.12584635416666667,0.064453125,0.1416796875,0.08055989583333334,0.9427403211593628,0.019281374290585518,0.2834491729736328,0.2811841070652008,0.0,0.9523810148239136,0.4398763179779053,0.4398763179779053,0.04023861885070801,0.39454078674316406,0.6054592132568359
9,1530,0.323320597410202,0.290958434343338,0.27203434705734253,0.04128739610314369,0.24088541666666666,0.22889231145381927,0.9897157118055555,0.02056857638888889,0.28149414062500006,0.0,1.0,0.2907470703125,0.12559895833333334,0.06447916666666667,0.142421875,0.078046875,0.8955472111701965,0.018429439514875412,0.2680656313896179,0.2647026777267456,0.0,0.9047619700431824,0.4405563175678253,0.4405563175678253,0.039688169956207275,0.3815189599990845,0.6184810400009155
9,1540,0.32161465287208557,0.28992611169815063,0.27348077297210693,0.03982704132795334,0.23201822916666667,0.26158568263053894,0.9896809895833333,0.02063802083333334,0.27876790364583337,0.0,1.0,0.28938395182291665,0.12609375,0.06311197916666667,0.14205729166666667,0.074140625,0.8483641147613525,0.017557457089424133,0.25291264057159424,0.2486824244260788,0.0,0.8571429252624512,0.4361061751842499,0.4361061751842499,0.04078918695449829,0.35740283131599426,0.6425971984863281
9,1550,0.3198653757572174,0.28949740529060364,0.2742846608161926,0.039900846779346466,0.2333203125,0.24941492080688477,0.9894596354166666,0.021080729166666673,0.28658040364583337,0.0,1.0,0.29329020182291665,0.12865885416666667,0.063046875,0.14084635416666666,0.07665364583333334,0.8011860847473145,0.01667555421590805,0.23749515414237976,0.2321331799030304,0.0,0.8095238208770752,0.43152695894241333,0.43152695894241333,0.04649662971496582,0.3352401852607727,0.6647598147392273
9,1560,0.3181252181529999,0.28865084052085876,0.2749897837638855,0.03938773646950722,0.2359765625,0.24820470809936523,0.9892751736111111,0.021449652777777786,0.2804361979166667,0.0,1.0,0.29021809895833334,0.1282421875,0.061497395833333336,0.1403125,0.07694010416666666,0.7540161609649658,0.01577732339501381,0.22225980460643768,0.2159481942653656,0.0,0.761904776096344,0.42882949113845825,0.42882949113845825,0.045569658279418945,0.3167305588722229,0.6832694411277771
9,1570,0.31676051020622253,0.28811585903167725,0.2745205760002136,0.039035264402627945,0.23477864583333333,0.22932620346546173,0.9891905381944444,0.02161892361111111,0.28495279947916674,0.0,1.0,0.2924763997395834,0.13067708333333333,0.0605078125,0.14006510416666668,0.07842447916666667,0.7068521976470947,0.014867104589939117,0.2070709764957428,0.1998562216758728,0.0,0.7142857313156128,0.42400187253952026,0.42400187253952026,0.05098754167556763,0.3035074770450592,0.6964925527572632
9,1580,0.31643176078796387,0.28848928213119507,0.2747756242752075,0.039060693234205246,0.23485677083333334,0.22474342584609985,0.9891514756944444,0.021697048611111117,0.2660319010416667,0.0,1.0,0.28301595052083334,0.12522135416666666,0.059908854166666664,0.1408984375,0.08015625,0.6596947312355042,0.013943865895271301,0.19208848476409912,0.1841769814491272,0.0,0.6666666865348816,0.431719034910202,0.431719034910202,0.038848042488098145,0.2902930974960327,0.7097069025039673
9,1590,0.31743407249450684,0.2885544002056122,0.2766765356063843,0.03836529329419136,0.22869791666666667,0.33416712284088135,0.989255642361111,0.021488715277777785,0.25484212239583337,0.0,1.0,0.27742106119791665,0.1209765625,0.060572916666666664,0.1393359375,0.07678385416666667,0.6125590205192566,0.012977223843336105,0.17796340584754944,0.170212522149086,0.0,0.6190476417541504,0.43687671422958374,0.43687671422958374,0.02940291166305542,0.277271032333374,0.722728967666626
9,1600,0.315114289522171,0.2882293164730072,0.27804306149482727,0.03894837573170662,0.23286458333333335,0.23748667538166046,0.9888302951388888,0.022339409722222224,0.281494140625,0.0,1.0,0.2907470703125,0.1282421875,0.0618359375,0.1371484375,0.0819140625,0.5653978586196899,0.012061424553394318,0.16426460444927216,0.1571006178855896,0.0,0.5714285969734192,0.42724624276161194,0.42724624276161194,0.045569658279418945,0.2639912962913513,0.7360087037086487
9,1610,0.3158692419528961,0.2884798049926758,0.2805013954639435,0.03883480653166771,0.226484375,0.34186676144599915,0.9889995659722222,0.02200086805555556,0.25431315104166674,0.0,1.0,0.2771565755208334,0.12290364583333334,0.0584765625,0.13731770833333334,0.0783984375,0.5182445049285889,0.011130125261843204,0.15067042410373688,0.1441979855298996,0.0,0.523809552192688,0.4343660771846771,0.4343660771846771,0.03369086980819702,0.25070083141326904,0.749299168586731
